quarter,stock_id,date,open,high,low,close,volume,percent_change_price,days_to_next_dividend,percent_return_next_dividend
1,3,1/7/2011,15.82,16.72,15.78,16.42,239655616,3.79267,26,0.182704
1,3,1/14/2011,16.71,16.71,15.64,15.97,242963398,-4.42849,19,0.187852
1,3,1/21/2011,16.19,16.38,15.6,15.79,138428495,-2.47066,12,0.189994
1,3,1/28/2011,15.87,16.63,15.82,16.13,151379173,1.63831,5,0.185989
1,3,2/4/2011,16.18,17.39,16.18,17.14,154387761,5.93325,97,0.175029
1,3,2/11/2011,17.33,17.48,16.97,17.37,114691279,0.230814,90,0.172712
1,3,2/18/2011,17.39,17.68,17.28,17.28,80023895,-0.632547,83,0.173611
1,3,2/25/2011,16.98,17.15,15.96,16.68,132981863,-1.76678,76,0.179856
1,3,3/4/2011,16.81,16.94,16.13,16.58,109493077,-1.36823,69,0.180941
1,3,3/11/2011,16.58,16.75,15.42,16.03,114332562,-3.31725,62,0.187149
1,3,3/18/2011,15.95,16.33,15.43,16.11,130374108,1.00313,55,0.18622
1,3,3/25/2011,16.38,17.24,16.26,17.09,95550392,4.33455,48,0.175541
1,2,1/7/2011,43.3,45.6,43.11,44.36,45102042,2.44804,89,0.405771
1,2,1/14/2011,44.2,46.25,44.01,46.25,25913713,4.63801,82,0.389189
1,2,1/21/2011,46.03,46.71,44.71,46,38824728,-0.0651749,75,0.391304
1,2,1/28/2011,46.05,46.27,43.42,43.86,51427274,-4.7557,68,0.410397
1,2,2/4/2011,44.13,44.23,43.15,43.82,39501680,-0.70247,61,0.410771
1,2,2/11/2011,43.96,46.79,43.88,46.75,43746998,6.34668,54,0.385027
1,2,2/18/2011,46.42,46.93,45.53,45.53,28564910,-1.91728,47,0.395344
1,2,2/25/2011,44.94,45.12,43.01,43.53,39654146,-3.13752,40,0.413508
1,2,3/4/2011,43.73,44.68,42.75,43.72,38985037,-0.0228676,33,0.411711
1,2,3/11/2011,43.86,45.54,43.53,44.28,37613429,0.957592,26,0.406504
1,2,3/18/2011,43.86,44.47,42.19,44.17,41757526,0.706794,19,0.407516
1,2,3/25/2011,44.75,45.61,44.1,45.59,30798332,1.87709,12,0.394823
1,6,1/7/2011,66.15,70.1,66,69.38,36258120,4.88284,33,0.605362
1,6,1/14/2011,69.42,70.5,68.35,70.07,18834664,0.93633,26,0.599401
1,6,1/21/2011,70.86,72.99,70.23,71.68,29594221,1.15721,19,0.585938
1,6,1/28/2011,71.52,72.82,69,69.23,34929673,-3.2019,12,0.606673
1,6,2/4/2011,69.26,71.64,69.12,71.38,22770062,3.06093,5,0.5884
1,6,2/11/2011,71.43,72.99,71.15,72.14,21809411,0.99398,89,0.582201
1,6,2/18/2011,72.7,73.04,71.09,73.04,15989248,0.467675,82,0.575027
1,6,2/25/2011,72.35,74.29,70,72.3,26258425,-0.0691085,75,0.580913
1,6,3/4/2011,72.47,72.9,68.6,71.8,27527285,-0.92452,68,0.584958
1,6,3/11/2011,71.6,72.5,69.91,71.64,25556296,0.0558659,61,0.586265
1,6,3/18/2011,71.17,71.23,67.34,69.1,29746370,-2.90853,54,0.607815
1,6,3/25/2011,70.29,73.5,70.03,73.34,24423545,4.33917,47,0.572675
1,5,1/7/2011,13.85,14.69,13.8,14.25,1453438639,2.88809,54,0.0701754
1,5,1/14/2011,14.17,15.25,14.09,15.25,760935694,7.62174,47,0.0655738
1,5,1/21/2011,15.08,15.16,13.94,14.25,982445809,-5.50398,40,0.0701754
1,5,1/28/2011,14.25,14.26,13.4,13.6,1054415375,-4.5614,33,0.0735294
1,5,2/4/2011,13.71,14.47,13.64,14.29,757192224,4.23049,26,0.069979
1,5,2/11/2011,14.51,14.87,14.35,14.77,746465458,1.79187,19,0.0677048
1,5,2/18/2011,14.77,14.95,14.69,14.75,458423511,-0.13541,12,0.0677966
1,5,2/25/2011,14.38,14.52,13.79,14.2,712456757,-1.25174,5,0.0704225
1,5,3/4/2011,14.27,14.48,13.81,14.12,699671790,-1.05116,89,0.0708215
1,5,3/11/2011,14.18,14.7,13.92,14.38,805210688,1.41044,82,0.069541
1,5,3/18/2011,14.26,14.35,13.66,14.04,792380862,-1.54278,75,0.0712251
1,5,3/25/2011,14.2,14.22,13.32,13.34,717678994,-6.05634,68,0.0749625
1,7,1/7/2011,94.38,94.81,92.3,93.73,24135903,-0.688705,11,0.469433
1,7,1/14/2011,93.21,94.7,92.51,94.01,19707235,0.858277,4,0.468035
1,7,1/21/2011,94.16,96.8,92.37,92.75,28651009,-1.49745,89,0.474394
1,7,1/28/2011,92.71,97.79,92.51,95.68,34929068,3.20354,82,0.459866
1,7,2/4/2011,96.13,99.72,95.85,99.59,31169285,3.59929,75,0.441811
1,7,2/11/2011,99.62,103.55,98.75,103.54,27632394,3.93495,68,0.424957
1,7,2/18/2011,103.56,105.86,102.01,105.86,16331886,2.22093,61,0.415643
1,7,2/25/2011,104.86,105.3,98.03,102,28146727,-2.72745,54,0.431373
1,7,3/4/2011,102.72,104.43,99.35,103.04,29851515,0.311526,47,0.427019
1,7,3/11/2011,103.42,104.45,97.01,100.02,38614049,-3.28757,40,0.439912
1,7,3/18/2011,102.59,105.64,98.55,105.06,54195667,2.40764,33,0.418808
1,7,3/25/2011,106.9,110.15,105.64,109.09,37837456,2.04864,26,0.403337
1,9,1/7/2011,20.45,21,20.38,20.97,303545878,2.54279,81,0.286123
1,9,1/14/2011,20.94,21.23,20.7,21.21,154708263,1.2894,74,0.282885
1,9,1/21/2011,21.22,21.33,20.5,20.72,193706863,-2.35627,67,0.289575
1,9,1/28/2011,20.84,21.61,20.73,20.93,265687272,0.431862,60,0.28667
1,9,2/4/2011,20.93,22.15,20.71,22.05,236334561,5.35117,53,0.272109
1,9,2/11/2011,22.11,22.34,18.61,18.7,1000362015,-15.4229,46,0.320856
1,9,2/18/2011,18.84,18.95,18.56,18.85,390258123,0.0530786,39,0.318302
1,9,2/25/2011,18.73,18.74,18.23,18.64,285212201,-0.480513,32,0.321888
1,9,3/4/2011,18.62,18.79,18.31,18.4,302059981,-1.18153,25,0.326087
1,9,3/11/2011,18.36,18.37,17.76,17.95,311209442,-2.23312,18,0.334262
1,9,3/18/2011,17.81,17.88,16.97,17.14,444161658,-3.76193,11,0.350058
1,9,3/25/2011,17.34,17.64,17.2,17.28,284574143,-0.346021,4,0.347222
1,8,1/7/2011,91.66,92.48,90.27,91.19,35556288,-0.512765,38,0.78956
1,8,1/14/2011,90.95,92.85,90.12,92.83,28260512,2.06707,31,0.775611
1,8,1/21/2011,92.94,93.94,91.58,93.78,27752622,0.903809,24,0.767754
1,8,1/28/2011,93.89,94.97,92.93,93.37,42303108,-0.55384,17,0.771126
1,8,2/4/2011,93.85,97.44,93.37,97.11,48766293,3.47363,10,0.741427
1,8,2/11/2011,97.28,98.23,95.7,96.45,38838595,-0.853207,3,0.746501
1,8,2/18/2011,95.5,98.72,95.5,98.72,28037827,3.37173,89,0.739465
1,8,2/25/2011,99.23,103.94,99.23,102.1,57897831,2.89227,82,0.714985
1,8,3/4/2011,102.28,104.99,102.18,103.75,48214502,1.43723,75,0.703614
1,8,3/11/2011,104.12,104.77,97.6,99.93,43673568,-4.0242,68,0.730511
1,8,3/18/2011,99.16,103.97,97.98,102.8,56186791,3.67084,61,0.710117
1,8,3/25/2011,103.86,107.01,103.2,106.78,39606692,2.81148,54,0.683649
1,11,1/7/2011,50.05,50.54,49.28,49.76,27658789,-0.579421,35,0.823955
1,11,1/14/2011,48.3,49.8,47.2,49.8,34546875,3.10559,28,0.823293
1,11,1/21/2011,49.53,50.14,47.65,48.35,25611091,-2.38239,21,0.847983
1,11,1/28/2011,48.44,50.66,48.26,50.29,45429653,3.81916,14,0.815271
1,11,2/4/2011,50.15,52.63,50.09,52.53,31069977,4.74576,7,0.780506
1,11,2/11/2011,52.62,54.75,52.51,54.58,37155830,3.72482,0,0.751191
1,11,2/18/2011,54.44,55.98,53.8,55.98,27705910,2.8288,82,0.732404
1,11,2/25/2011,54.95,55.3,52.36,54.07,33190716,-1.60146,75,0.758276
1,11,3/4/2011,54.22,54.95,52.76,53.87,32958368,-0.645518,68,0.761092
1,11,3/11/2011,54.1,54.49,51.82,52.9,27091813,-2.21811,61,0.775047
1,11,3/18/2011,53.18,53.5,51.1,52.99,39779608,-0.357277,54,0.773731
1,11,3/25/2011,53.8,54.64,52.89,54.1,24464568,0.557621,47,0.757856
1,30,1/7/2011,37.74,40,37.62,39.45,72917621,4.531,336,1.01394
1,30,1/14/2011,39.01,39.81,38.92,39.29,31943413,0.717765,329,1.01807
1,30,1/21/2011,39.07,39.94,38.51,39.74,36187032,1.71487,322,1.00654
1,30,1/28/2011,39.64,39.95,38.65,38.85,42131642,-1.99294,315,1.0296
1,30,2/4/2011,39.04,40.77,38.64,40.71,53521486,4.27766,308,0.98256
1,30,2/11/2011,40.8,44.05,40.71,43.41,83975520,6.39706,301,0.921447
1,30,2/18/2011,43.19,43.9,42.98,43.56,33868302,0.85668,294,0.918274
1,30,2/25/2011,42.83,43.28,41.6,42.95,56966763,0.280177,287,0.931315
1,30,3/4/2011,43.02,44.34,42.97,43.55,53096584,1.23199,280,0.918484
1,30,3/11/2011,43.53,43.61,42.16,42.93,41229388,-1.37836,273,0.931749
1,30,3/18/2011,42.64,42.67,40.42,41.23,65060004,-3.30675,266,0.970167
1,30,3/25/2011,41.46,43.24,40.87,42.97,40696371,3.64206,259,0.930882
1,13,1/7/2011,18.49,18.72,18.12,18.43,280146510,-0.3245,38,0.759631
1,13,1/14/2011,18.61,18.82,18.46,18.82,215626229,1.12843,31,0.74389
1,13,1/21/2011,18.98,19.97,18.17,19.74,449508777,4.00421,24,0.70922
1,13,1/28/2011,19.93,20.74,19.74,20.2,437317986,1.35474,17,0.693069
1,13,2/4/2011,20.13,20.96,20.1,20.56,246591055,2.13612,10,0.680934
1,13,2/11/2011,20.77,21.44,20.73,21.33,252254376,2.6962,3,0.656353
1,13,2/18/2011,21.51,21.65,21.24,21.44,158691572,-0.32543,118,0.652985
1,13,2/25/2011,20.88,21.21,20.08,20.82,268500170,-0.287356,111,0.67243
1,13,3/4/2011,20.95,21.17,20.16,20.37,261175412,-2.7685,104,0.687285
1,13,3/11/2011,20.4,20.79,19.94,20.36,303566341,-0.196078,97,0.687623
1,13,3/18/2011,19.96,20.09,18.6,19.25,520516218,-3.55711,90,0.727273
1,13,3/25/2011,19.68,19.93,19.25,19.75,227819072,0.355691,83,0.708861
1,15,1/7/2011,35.2,35.57,34.18,34.38,56576860,-2.32955,60,0.727167
1,15,1/14/2011,34.16,35.89,34.07,35.89,41918450,5.0644,53,0.696573
1,15,1/21/2011,35.97,36.99,35.48,36.51,45249920,1.50125,46,0.684744
1,15,1/28/2011,36.46,38.12,36.3,36.7,63397367,0.658256,39,0.681199
1,15,2/4/2011,37.13,37.18,36.38,36.8,41844858,-0.888769,32,0.679348
1,15,2/11/2011,36.8,37.48,36.41,37.48,36079400,1.84783,25,0.667022
1,15,2/18/2011,37.47,38.48,37.27,38.48,30619613,2.69549,18,0.649688
1,15,2/25/2011,39.3,39.38,36.78,37.08,54816070,-5.64885,11,0.674218
1,15,3/4/2011,37.15,37.86,36.33,37.22,49763519,0.188425,4,0.671682
1,15,3/11/2011,37.26,37.78,36.54,37.14,49156185,-0.322061,95,0.673129
1,15,3/18/2011,36.92,36.94,35.43,36,52758908,-2.49187,88,0.694444
1,15,3/25/2011,36.29,37.82,36.03,37.42,40337534,3.11381,81,0.668092
1,14,1/7/2011,42.22,45.39,42.22,45.09,100020724,6.79773,66,0.177423
1,14,1/14/2011,44.86,46.25,44.57,46.25,65464211,3.09853,59,0.172973
1,14,1/21/2011,46.14,47.64,45.76,47.23,82623453,2.36238,52,0.169384
1,14,1/28/2011,46.69,47.83,45.36,45.51,84066350,-2.52731,45,0.175786
1,14,2/4/2011,45.41,47.52,45.13,47.43,74475624,4.44836,38,0.16867
1,14,2/11/2011,47.71,49.39,47.61,48.64,84089936,1.94928,31,0.164474
1,14,2/18/2011,48.45,49.12,47.54,48.67,49401750,0.454076,24,0.164372
1,14,2/25/2011,47.57,48.55,42.08,42.68,211147488,-10.2796,17,0.187441
1,14,3/4/2011,43.06,43.85,42.06,42.61,110702335,-1.04505,10,0.187749
1,14,3/11/2011,42.9,43.05,41.26,41.73,85140794,-2.72727,3,0.191709
1,14,3/18/2011,41.31,42.15,40.1,41.32,121051768,0.0242072,87,0.314618
1,14,3/25/2011,41.85,43.28,41.35,42.53,78089358,1.62485,80,0.305667
1,17,1/7/2011,147.21,148.86,146.64,147.93,23492843,0.489097,32,0.439397
1,17,1/14/2011,147,150,146,150,15335348,2.04082,25,0.433333
1,17,1/21/2011,149.82,156.78,149.38,155.5,35770931,3.79122,18,0.418006
1,17,1/28/2011,155.42,164.35,155.33,159.21,32510483,2.43855,11,0.408266
1,17,2/4/2011,159.18,164.2,158.68,164,25377163,3.02802,4,0.396341
1,17,2/11/2011,164.08,166.25,163.18,163.85,26106753,-0.140176,84,0.457736
1,17,2/18/2011,164.18,164.84,162.52,164.84,14352613,0.401998,77,0.454987
1,17,2/25/2011,163.57,164.26,159.03,162.28,21443811,-0.788653,70,0.462164
1,17,3/4/2011,162.36,164.31,159.41,161.83,21549118,-0.326435,63,0.463449
1,17,3/11/2011,161.6,167.72,158.85,162.43,31119857,0.513614,56,0.461737
1,17,3/18/2011,161.16,161.98,151.71,155.89,41827781,-3.27004,49,0.481108
1,17,3/25/2011,157.64,162.74,157.07,162.18,25381792,2.87998,42,0.462449
1,16,1/7/2011,21.01,21.21,20.27,20.66,386719626,-1.66587,27,0.871249
1,16,1/14/2011,20.71,21.33,20.57,21.08,274111012,1.78658,20,0.85389
1,16,1/21/2011,21.03,21.2,20.62,20.82,218479469,-0.998573,13,0.864553
1,16,1/28/2011,21.03,21.94,20.93,21.46,325168191,2.0447,6,0.83877
1,16,2/4/2011,21.55,21.71,21.03,21.68,277969054,0.603248,89,0.830258
1,16,2/11/2011,21.74,21.86,21.35,21.76,236842359,0.0919963,82,0.827206
1,16,2/18/2011,21.63,22.14,21.28,22.14,201181541,2.35784,75,0.813008
1,16,2/25/2011,21.95,22.19,21.01,21.86,256135777,-0.410023,68,0.823422
1,16,3/4/2011,21.75,22.08,21.35,21.56,291751623,-0.873563,61,0.834879
1,16,3/11/2011,21.69,21.74,20.61,20.87,289874871,-3.78054,54,0.862482
1,16,3/18/2011,20.66,20.88,19.71,19.93,347426088,-3.5334,47,0.903161
1,16,3/25/2011,19.9,20.6,19.88,20.37,229150771,2.36181,40,0.883652
1,18,1/7/2011,62.63,63.54,62.53,62.6,57774737,-0.0479004,49,0.86262
1,18,1/14/2011,62.29,62.98,62,62.55,34950419,0.417402,42,0.863309
1,18,1/21/2011,62.21,63.25,62.01,62.66,47999880,0.723356,35,0.861794
1,18,1/28/2011,62.56,62.72,60,60.01,86229071,-4.07609,28,0.89985
1,18,2/4/2011,60.16,60.99,59.69,60.84,63641929,1.13032,21,0.887574
1,18,2/11/2011,60.88,61.17,60.42,60.7,42897125,-0.295664,14,0.889621
1,18,2/18/2011,60.69,61.11,60.33,61.11,33273371,0.692042,7,0.883652
1,18,2/25/2011,60.68,61.08,59.36,59.64,46786798,-1.71391,0,0.905433
1,18,3/4/2011,59.93,61.5,59.77,61.06,63576642,1.88553,83,0.933508
1,18,3/11/2011,61.09,61.1,59.11,59.69,53844149,-2.2917,76,0.954934
1,18,3/18/2011,59.49,59.49,57.5,58.57,71716802,-1.54648,69,0.973194
1,18,3/25/2011,58.67,59.16,58.5,58.98,47498000,0.528379,62,0.966429
1,19,1/7/2011,43,44.95,42.64,43.64,234547885,1.48837,87,0.572869
1,19,1/14/2011,43.27,44.97,43,44.91,144662779,3.79015,80,0.556669
1,19,1/21/2011,45.02,45.54,43.6,45.29,182971761,0.599733,73,0.551998
1,19,1/28/2011,45.21,45.88,44.26,44.54,154832501,-1.48197,66,0.561293
1,19,2/4/2011,44.41,46,44.3,44.59,137430065,0.405314,59,0.560664
1,19,2/11/2011,44.75,46.89,44.65,46.57,162434145,4.06704,52,0.536826
1,19,2/18/2011,46,48,46,48,131941706,4.34783,45,0.520833
1,19,2/25/2011,47.2,47.27,45.21,46.68,139540125,-1.10169,38,0.535561
1,19,3/4/2011,46.81,47.18,45.07,45.52,139051830,-2.75582,31,0.549209
1,19,3/11/2011,45.62,47.1,44.76,45.74,140414285,0.263043,24,0.546568
1,19,3/18/2011,45.42,46.18,43.4,45.74,226413618,0.704535,17,0.546568
1,19,3/25/2011,46.28,46.38,44.77,45.86,117959443,-0.907519,10,0.545137
1,20,1/7/2011,31.76,31.76,31.14,31.19,44971770,-1.79471,81,0.929785
1,20,1/14/2011,30.91,31.72,30.89,31.34,24955086,1.39114,74,0.925335
1,20,1/21/2011,31.41,31.52,30.89,31.35,41200255,-0.191022,67,0.92504
1,20,1/28/2011,31.39,31.77,30.5,30.53,55657855,-2.73973,60,0.949885
1,20,2/4/2011,30.53,31.22,30.21,31.19,34764359,2.16181,53,0.929785
1,20,2/11/2011,31.18,31.25,30.24,30.66,65912258,-1.66774,46,0.945858
1,20,2/18/2011,30.67,30.93,30.26,30.91,38172345,0.782524,39,0.938208
1,20,2/25/2011,30.72,32.2,30.66,31.71,50462721,3.22266,32,0.914538
1,20,3/4/2011,31.82,31.88,31.28,31.58,55211152,-0.754243,25,0.918303
1,20,3/11/2011,31.56,31.79,31.18,31.7,41766976,0.443599,18,0.914827
1,20,3/18/2011,31.51,31.6,30.45,30.99,51736270,-1.65027,11,0.935786
1,20,3/25/2011,30.78,31.49,30.43,31.26,41958399,1.55945,4,0.927703
1,10,1/7/2011,65.88,65.88,62.56,62.92,59802189,-4.49302,63,0.74698
1,10,1/14/2011,62.7,63.86,62.56,63.13,31297830,0.685805,56,0.744496
1,10,1/21/2011,63.21,63.92,62.72,62.77,36000586,-0.696092,49,0.748765
1,10,1/28/2011,62.87,63.31,62.14,62.21,42141599,-1.04979,42,0.755506
1,10,2/4/2011,62.32,63.48,61.89,62.56,34863226,0.385109,35,0.751279
1,10,2/11/2011,62.67,64.75,62.32,63.57,46269528,1.43609,28,0.739342
1,10,2/18/2011,63.67,64.72,62.55,64.55,29937386,1.38213,21,0.728118
1,10,2/25/2011,63.36,64.4,63.33,64.31,32331825,1.49937,14,0.730835
1,10,3/4/2011,64.17,65.87,63.86,65.21,61665987,1.62069,7,0.720748
1,10,3/11/2011,65.32,65.84,64.47,64.81,44560041,-0.780772,0,0.725197
1,10,3/18/2011,64.34,64.61,61.29,62.7,59542953,-2.54896,87,0.749601
1,10,3/25/2011,63.13,65.39,63.05,65.22,29853434,3.31063,80,0.720638
1,21,1/7/2011,77.1,77.59,73.59,74.37,85400677,-3.54086,49,0.820223
1,21,1/14/2011,74.25,74.49,72.46,74.06,44895850,-0.255892,42,0.823656
1,21,1/21/2011,74.65,75.75,74.31,75.01,40056497,0.482251,35,0.813225
1,21,1/28/2011,74.25,75.85,73.05,73.28,46734907,-1.3064,28,0.832424
1,21,2/4/2011,73.8,74.5,73.08,74.05,41519549,0.338753,21,0.823768
1,21,2/11/2011,74.13,76.32,73.3,76.14,39363816,2.71145,14,0.801156
1,21,2/18/2011,76.07,76.45,75.7,76.13,16734140,0.0788747,7,0.801261
1,21,2/25/2011,75.95,76.45,74.42,74.44,27881213,-1.98815,0,0.819452
1,21,3/4/2011,74.51,76.63,73.64,76.03,41047787,2.03999,84,0.802315
1,21,3/11/2011,76.38,77.25,74.97,76.73,34855064,0.458235,77,0.794995
1,21,3/18/2011,76.1,76.41,72.89,72.99,40853280,-4.08673,70,0.835731
1,21,3/25/2011,73.5,75.75,73.38,75.25,23877441,2.38095,63,0.810631
1,1,1/7/2011,86.75,87.9,85.63,86.23,16166921,-0.599424,40,0.637829
1,1,1/14/2011,85.7,88.8,85.7,88.1,11585909,2.80047,33,0.624291
1,1,1/21/2011,87.84,89.39,87.25,89.29,10705548,1.65073,26,0.61597
1,1,1/28/2011,89.21,90.5,87.2,87.44,26110543,-1.98408,19,0.629003
1,1,2/4/2011,87.93,88.45,87.31,88.29,14960948,0.409417,12,0.622947
1,1,2/11/2011,88.17,91.95,87.81,91.8,16315175,4.11705,5,0.599129
1,1,2/18/2011,91.72,92.96,91,92.96,13431331,1.35194,89,0.591652
1,1,2/25/2011,92.73,93.65,89.27,90.25,17249356,-2.67443,82,0.609418
1,1,3/4/2011,91.9,93.4,90.24,92.19,17453306,0.31556,75,0.596594
1,1,3/11/2011,92.58,94.16,89.71,91.61,18144593,-1.04774,68,0.600371
1,1,3/18/2011,91.21,91.21,86.91,88.98,23633329,-2.44491,61,0.618116
1,1,3/25/2011,90.27,92.98,90.17,92.27,14970403,2.21558,54,0.596077
1,22,1/7/2011,36.29,37.35,35.85,37.35,72760487,2.92091,63,1.0174
1,22,1/14/2011,37.26,37.61,34.23,34.23,108158891,-8.13204,56,1.11014
1,22,1/21/2011,34.07,34.3,33.48,33.9,131132702,-0.498973,49,1.12094
1,22,1/28/2011,33.99,33.99,33,33.07,110066602,-2.70668,42,1.14908
1,22,2/4/2011,33.29,34.04,32.51,32.89,114880019,-1.20156,35,1.15537
1,22,2/11/2011,32.94,33.3,32.74,33.07,62039482,0.394657,28,1.14908
1,22,2/18/2011,32.97,33.19,32.65,32.85,54419625,-0.363967,21,1.15677
1,22,2/25/2011,32.75,32.8,31.85,32.19,57467917,-1.70992,14,1.18049
1,22,3/4/2011,32.2,33.36,32.19,33.06,128028062,2.67081,7,1.14943
1,22,3/11/2011,33,33.48,32.45,32.73,91319466,-0.818182,0,1.16101
1,22,3/18/2011,32.5,32.6,31.06,31.91,86394177,-1.81538,87,1.19085
1,22,3/25/2011,32.09,32.9,32.04,32.57,66135182,1.49579,80,1.16672
1,23,1/7/2011,28.05,28.85,27.77,28.6,328646154,1.96078,39,0.559441
1,23,1/14/2011,28.2,28.5,28,28.3,227601331,0.35461,32,0.565371
1,23,1/21/2011,28.16,28.74,28.02,28.02,220040646,-0.497159,25,0.571021
1,23,1/28/2011,28.02,29.46,27.45,27.75,457318851,-0.963597,18,0.576577
1,23,2/4/2011,27.77,28.11,27.42,27.77,274432773,0,11,0.576161
1,23,2/11/2011,27.8,28.34,27.07,27.25,317408348,-1.97842,4,0.587156
1,23,2/18/2011,27.2,27.37,26.6,27.06,228916129,-0.514706,88,0.591279
1,23,2/25/2011,26.78,27.1,26.43,26.55,238628349,-0.85885,81,0.602637
1,23,3/4/2011,26.69,26.86,25.8,25.95,298801508,-2.77257,74,0.61657
1,23,3/11/2011,26.13,26.27,25.35,25.68,271799244,-1.72216,67,0.623053
1,23,3/18/2011,25.49,25.76,24.68,24.8,379216242,-2.70694,60,0.645161
1,23,3/25/2011,25.18,25.95,25.15,25.62,217545216,1.74742,53,0.624512
1,24,1/7/2011,17.7,18.38,17.62,18.34,386804789,3.61582,26,1.09051
1,24,1/14/2011,18.22,18.48,18.13,18.34,218359623,0.658617,19,1.09051
1,24,1/21/2011,18.35,18.49,18.02,18.36,159663706,0.0544959,12,1.08932
1,24,1/28/2011,18.33,18.76,18.14,18.15,277157388,-0.981997,5,1.10193
1,24,2/4/2011,18.19,19.39,18.16,19.3,358819619,6.10225,96,1.03627
1,24,2/11/2011,19.27,19.3,18.62,18.83,180912039,-2.28334,89,1.06213
1,24,2/18/2011,18.82,19.39,18.72,19.19,153153528,1.96599,82,1.04221
1,24,2/25/2011,18.88,19.13,18.67,18.86,177077740,-0.105932,75,1.06045
1,24,3/4/2011,18.95,19.9,18.9,19.66,257979737,3.7467,68,1.01729
1,24,3/11/2011,19.64,19.75,19.3,19.47,195391037,-0.86558,61,1.02722
1,24,3/18/2011,19.45,20.29,19.15,20.18,457640533,3.75321,54,0.99108
1,24,3/25/2011,20.32,20.5,19.74,20.35,215914627,0.147638,47,0.982801
1,25,1/7/2011,64.39,65.08,64,64.5,52323352,0.170834,12,0.744186
1,25,1/14/2011,64.4,65.53,63.4,65.53,41932473,1.75466,5,0.732489
1,25,1/21/2011,65.65,65.95,65.05,65.91,46213962,0.39604,96,0.804127
1,25,1/28/2011,65.9,66.95,63.14,64.2,70042160,-2.57967,89,0.825545
1,25,2/4/2011,64.35,64.36,62.3,63.61,57201539,-1.14996,82,0.833202
1,25,2/11/2011,63.95,64.97,63.8,64.73,51999812,1.2197,75,0.818786
1,25,2/18/2011,64.8,64.8,63.4,64.3,36098973,-0.771605,68,0.824261
1,25,2/25/2011,63.73,64.4,62.53,62.84,47748854,-1.39652,61,0.843412
1,25,3/4/2011,62.8,63.65,61.56,62.03,59801160,-1.22611,54,0.854425
1,25,3/11/2011,62,62.3,61.12,61.49,52731797,-0.822581,47,0.861929
1,25,3/18/2011,61.04,61.39,59.7,60.6,66311521,-0.720839,40,0.874587
1,25,3/25/2011,60.96,61.52,60.54,60.88,41351155,-0.131234,33,0.870565
1,4,1/7/2011,29.68,30.1,28.66,28.85,157834347,-2.7965,30,1.49047
1,4,1/14/2011,28.54,28.61,27.71,28.43,170616350,-0.385424,23,1.51249
1,4,1/21/2011,28.55,28.59,28.15,28.33,130584257,-0.770578,16,1.51783
1,4,1/28/2011,28.46,28.95,27.41,27.49,171464186,-3.40829,9,1.56421
1,4,2/4/2011,27.42,28.06,27.2,27.97,118469916,2.00584,2,1.53736
1,4,2/11/2011,27.97,28.59,27.63,28.47,128889979,1.78763,54,1.51036
1,4,2/18/2011,28.4,28.57,28,28.57,88244232,0.598592,47,1.50508
1,4,2/25/2011,28.32,28.42,27.61,28.13,94960503,-0.670904,40,1.52862
1,4,3/4/2011,28.25,28.53,27.79,27.92,118740085,-1.16814,33,1.54011
1,4,3/11/2011,27.95,28.89,27.73,28.46,139153253,1.82469,26,1.51089
1,4,3/18/2011,28.32,28.42,27.27,27.94,153806769,-1.34181,19,1.53901
1,4,3/25/2011,28.77,29.1,27.95,28.85,169105318,0.278067,12,1.49047
1,26,1/7/2011,56.09,56.34,52.88,53.33,20010115,-4.92066,60,0.675042
1,26,1/14/2011,53.12,54.84,52.96,54.63,14820631,2.84262,53,0.658979
1,26,1/21/2011,54.62,55.24,54.07,55,13631048,0.695716,46,0.654545
1,26,1/28/2011,55.14,57.78,54.97,55.81,26595621,1.21509,39,0.645046
1,26,2/4/2011,55.81,57.52,55.81,57.41,27494461,2.86687,32,0.627068
1,26,2/11/2011,57.32,59.12,56.97,58.99,19539527,2.91347,25,0.610273
1,26,2/18/2011,58.84,60.92,58.53,60.92,14107769,3.53501,18,0.590939
1,26,2/25/2011,60.6,61.15,59.05,59.6,20849299,-1.65016,11,0.604027
1,26,3/4/2011,59.6,60.02,58.53,59.18,20284170,-0.704698,4,0.608314
1,26,3/11/2011,59.26,59.72,57.88,58.88,15980871,-0.641242,89,0.696332
1,26,3/18/2011,58.47,59.51,57.51,58.06,24832210,-0.701214,82,0.706166
1,26,3/25/2011,58.44,59.28,57.99,58.98,14126721,0.924025,75,0.695151
1,27,1/7/2011,79.19,79.75,78.4,79.08,15797841,-0.138906,40,0.543753
1,27,1/14/2011,78.27,79.9,77.81,79.08,12713121,1.03488,33,0.543753
1,27,1/21/2011,79.28,80.5,78.98,80.2,16471934,1.16044,26,0.53616
1,27,1/28/2011,80.26,83.08,80.26,81.43,23565688,1.45776,19,0.528061
1,27,2/4/2011,81.8,82.6,80.66,82.52,15689029,0.880196,12,0.521086
1,27,2/11/2011,82.85,85.46,82.73,85.2,16641148,2.83645,5,0.504695
1,27,2/18/2011,85.07,85.44,84.25,85.01,11922670,-0.0705302,89,0.564639
1,27,2/25/2011,84.54,84.69,81.81,83.37,15551183,-1.38396,82,0.575747
1,27,3/4/2011,83.58,84.24,81.42,82.86,19167224,-0.86145,75,0.57929
1,27,3/11/2011,83.03,84.05,80.26,81.28,22004496,-2.10767,68,0.590551
1,27,3/18/2011,80.74,81.23,77.05,80.16,26234929,-0.718355,61,0.598802
1,27,3/25/2011,81.3,83.59,80.57,83.52,19032729,2.73063,54,0.574713
1,28,1/7/2011,36.06,37.7,35.41,35.93,141938064,-0.36051,89,1.36376
1,28,1/14/2011,36.55,36.58,34.98,35.46,130610954,-2.98222,82,1.38184
1,28,1/21/2011,35.38,35.51,34.35,34.95,108296302,-1.21538,75,1.402
1,28,1/28/2011,34.88,36.59,34.88,35.63,124127036,2.15023,68,1.37525
1,28,2/4/2011,35.64,36.48,35.38,36.31,72890565,1.87991,61,1.34949
1,28,2/11/2011,36.3,36.77,35.77,36.39,78429505,0.247934,54,1.34652
1,28,2/18/2011,36.31,36.62,35.66,36.62,68915874,0.853759,47,1.33807
1,28,2/25/2011,36.24,36.32,35.34,35.97,57673647,-0.745033,40,1.36225
1,28,3/4/2011,36.06,36.94,35.85,36.08,80086312,0.0554631,33,1.35809
1,28,3/11/2011,36.13,36.65,35.65,35.85,66137992,-0.774979,26,1.36681
1,28,3/18/2011,35.74,35.84,33.36,35.84,124202175,0.279799,19,1.36719
1,28,3/25/2011,36.66,37.32,36.37,37.29,79604168,1.71849,12,1.31403
1,29,1/7/2011,54.23,55.07,53.76,54.08,64231179,-0.2766,61,0.684172
1,29,1/14/2011,53.65,55.36,53.54,54.81,48929455,2.16216,54,0.675059
1,29,1/21/2011,55.11,56.27,54.71,55.73,53009787,1.12502,47,0.663915
1,29,1/28/2011,55.39,57.9,55.3,56.7,69546259,2.36505,40,0.652557
1,29,2/4/2011,56.45,56.58,55.39,56.03,60981950,-0.744021,33,0.660361
1,29,2/11/2011,56.07,56.73,55.3,55.69,49477410,-0.677724,26,0.664392
1,29,2/18/2011,55.26,55.38,54.35,55.38,51556658,0.217155,19,0.668111
1,29,2/25/2011,53.81,54.01,51.52,51.75,92696912,-3.82828,12,0.714976
1,29,3/4/2011,51.75,52.6,51.68,52.07,74964203,0.618357,5,0.710582
1,29,3/11/2011,52.26,53.88,51.75,52.59,69185186,0.631458,61,0.703556
1,29,3/18/2011,52.35,52.52,50.97,51.52,63198175,-1.58548,54,0.718168
1,29,3/25/2011,51.73,52.95,51.38,52.35,53385178,1.19853,47,0.706781
1,12,1/7/2011,73.72,75.9,73.64,75.59,101740933,2.53663,52,0.582088
1,12,1/14/2011,75.13,77.84,74.58,77.84,74376886,3.60708,45,0.565262
1,12,1/21/2011,77.79,79.1,76.77,78.98,99941187,1.52976,38,0.557103
1,12,1/28/2011,78.85,79.98,77.93,78.99,115376817,0.177552,31,0.557033
1,12,2/4/2011,79.92,83.98,79.01,83.28,129743696,4.2042,24,0.528338
1,12,2/11/2011,83.45,84,81.61,82.82,85733429,-0.754943,17,0.531273
1,12,2/18/2011,82,85.1,81.8,84.5,93325562,3.04878,10,0.52071
1,12,2/25/2011,84.97,88.23,84.73,85.34,122018405,0.435448,3,0.515585
1,12,3/4/2011,85.87,86.56,83.55,85.08,102134160,-0.919995,68,0.552421
1,12,3/11/2011,85.84,86.08,80.1,82.12,92727886,-4.33364,61,0.572333
1,12,3/18/2011,81.67,82.64,78.8,80.85,123914255,-1.00404,54,0.581323
1,12,3/25/2011,81.87,83.93,81.86,83.62,83364516,2.13754,47,0.562066
2,3,4/1/2011,17.13,17.8,17.02,17.47,103320396,1.98482,41,0.171723
2,3,4/8/2011,17.42,18.47,17.42,17.92,129237024,2.87026,34,0.167411
2,3,4/15/2011,18.06,18.19,16.38,16.52,213061090,-8.52713,27,0.181598
2,3,4/21/2011,16.36,16.97,15.88,16.97,85235391,3.72861,21,0.176783
2,3,4/29/2011,16.94,17.24,16.66,17,90831895,0.354191,13,0.176471
2,3,5/6/2011,17.27,17.96,16.83,17.15,225053559,-0.694847,6,0.174927
2,3,5/13/2011,17.16,17.62,16.75,17.1,111630753,-0.34965,82,0.175439
2,3,5/20/2011,17,17.29,16.26,16.26,118281015,-4.35294,75,0.184502
2,3,5/27/2011,15.96,16.48,15.83,16.48,77236662,3.25815,68,0.182039
2,3,6/3/2011,16.73,16.83,15.77,15.92,77152591,-4.8416,61,0.188442
2,3,6/10/2011,15.92,16.03,15.17,15.28,94970970,-4.0201,54,0.196335
2,3,6/17/2011,15.29,15.5,14.59,14.72,111273573,-3.72793,47,0.203804
2,3,6/24/2011,14.67,15.6,14.56,15.23,99423717,3.81731,40,0.19698
2,2,4/1/2011,45.54,46.29,45.11,45.36,28738689,-0.395257,5,0.396825
2,2,4/8/2011,45.61,46.49,45.1,46.28,31114741,1.46898,82,0.388937
2,2,4/15/2011,46.36,46.95,45.6,46.25,29090940,-0.237274,75,0.389189
2,2,4/21/2011,45.85,47.48,45.27,47.11,22929313,2.74809,69,0.382084
2,2,4/29/2011,47.19,49.15,46.77,49.08,32470319,4.00509,61,0.366748
2,2,5/6/2011,49.37,50.47,49.08,50.2,43997724,1.68118,54,0.358566
2,2,5/13/2011,50.06,50.46,49.22,49.49,35427164,-1.13863,47,0.36371
2,2,5/20/2011,49.42,51.97,49.17,51.19,36565612,3.58155,40,0.351631
2,2,5/27/2011,50.74,51.38,49.79,51.13,26359875,0.768624,33,0.352044
2,2,6/3/2011,51.39,51.7,49.04,49.28,25215640,-4.10586,26,0.36526
2,2,6/10/2011,49.13,49.38,47.33,47.74,33828918,-2.82923,19,0.377042
2,2,6/17/2011,47.96,49.14,46.92,48.5,37705374,1.12594,12,0.371134
2,2,6/24/2011,48.35,50.15,48.15,48.34,34877916,-0.0206825,5,0.372362
2,6,4/1/2011,73.5,74.85,73.03,74.01,20590618,0.693878,40,0.567491
2,6,4/8/2011,73.38,74.85,72.71,73.47,21220138,0.122649,33,0.571662
2,6,4/15/2011,73.65,74.28,70.88,72.6,19492289,-1.42566,26,0.578512
2,6,4/21/2011,72.72,75.44,71.75,75.44,16947409,3.74037,20,0.556734
2,6,4/29/2011,75.51,80.34,74.68,79.78,30503034,5.65488,12,0.526448
2,6,5/6/2011,80.35,80.65,78.09,79.31,25394946,-1.29434,5,0.529568
2,6,5/13/2011,79.31,80.42,78.48,79.03,18368201,-0.353045,89,0.531444
2,6,5/20/2011,78.66,78.81,75.83,77.52,19990094,-1.44928,82,0.541796
2,6,5/27/2011,76.55,76.99,75.13,76.99,15886795,0.574788,75,0.545525
2,6,6/3/2011,77.8,78.35,74.09,74.84,17813730,-3.80463,68,0.561197
2,6,6/10/2011,74.76,75.27,72.61,72.69,18574466,-2.76886,61,0.577796
2,6,6/17/2011,73.06,75.51,72.69,74.16,25381159,1.50561,54,0.566343
2,6,6/24/2011,73.96,75.02,70.29,71.26,30675314,-3.65062,47,0.589391
2,5,4/1/2011,13.42,13.61,13.16,13.37,499672763,-0.372578,61,0.0747943
2,5,4/8/2011,13.4,13.88,13.37,13.48,480033181,0.597015,54,0.074184
2,5,4/15/2011,13.5,13.64,12.82,12.82,670594575,-5.03704,47,0.0780031
2,5,4/21/2011,12.59,12.6,12.15,12.31,624897506,-2.22399,41,0.0812348
2,5,4/29/2011,12.32,12.6,12.23,12.28,557530217,-0.324675,33,0.0814332
2,5,5/6/2011,12.36,12.71,12.2,12.31,577232010,-0.404531,26,0.0812348
2,5,5/13/2011,12.28,12.43,11.91,11.93,623724296,-2.85016,19,0.0838223
2,5,5/20/2011,11.89,12.11,11.53,11.58,658968285,-2.60723,12,0.0863558
2,5,5/27/2011,11.47,11.69,11.29,11.69,479389107,1.91805,5,0.0855432
2,5,6/3/2011,11.87,11.92,11.08,11.28,596420503,-4.97051,89,0.0886525
2,5,6/10/2011,11.18,11.2,10.41,10.8,873241317,-3.39893,82,0.0925926
2,5,6/17/2011,10.89,11.12,10.4,10.68,889460755,-1.92837,75,0.093633
2,5,6/24/2011,10.59,10.94,10.48,10.52,603098073,-0.661001,68,0.095057
2,7,4/1/2011,109.54,113.59,108.61,113.12,28116391,3.26821,19,0.388967
2,7,4/8/2011,113.75,113.93,108.88,109.82,28772937,-3.45495,12,0.400656
2,7,4/15/2011,110.02,110.3,105.35,107.21,30697889,-2.55408,5,0.410409
2,7,4/21/2011,105.58,109.42,102.16,109.42,23938892,3.63705,88,0.420398
2,7,4/29/2011,109.24,116.25,107.95,115.41,34522949,5.64811,80,0.398579
2,7,5/6/2011,116.24,116.55,108.39,110.34,39678464,-5.07571,73,0.416893
2,7,5/13/2011,110.8,112.97,106.02,106.33,38211403,-4.0343,66,0.432615
2,7,5/20/2011,105.87,108.27,101.47,104.33,54274252,-1.45461,59,0.440909
2,7,5/27/2011,101.3,104.6,100.3,104.6,30213720,3.25765,52,0.439771
2,7,6/3/2011,106.41,106.6,99.15,101.1,35887587,-4.99013,45,0.454995
2,7,6/10/2011,100.25,101.61,96.42,96.79,40431926,-3.45137,38,0.475256
2,7,6/17/2011,96.93,98.45,94.2,95.95,43606429,-1.01104,31,0.479416
2,7,6/24/2011,96.49,102.5,96.05,100.01,43722864,3.64805,24,0.459954
2,9,4/1/2011,17.36,17.6,16.99,17.04,308644641,-1.84332,95,0.352113
2,9,4/8/2011,17.01,18.29,17,17.65,539982011,3.76249,88,0.339943
2,9,4/15/2011,17.71,17.76,16.97,17.03,324203125,-3.83964,81,0.352319
2,9,4/21/2011,16.88,16.96,16.52,16.94,249420898,0.35545,75,0.354191
2,9,4/29/2011,16.93,17.64,16.9,17.52,412492845,3.48494,67,0.342466
2,9,5/6/2011,17.51,17.7,17.28,17.56,290282402,0.285551,60,0.341686
2,9,5/13/2011,17.53,17.99,16.64,16.88,563552552,-3.70793,53,0.35545
2,9,5/20/2011,16.82,16.87,16.34,16.53,371711669,-1.72414,46,0.362976
2,9,5/27/2011,16.41,16.46,16.11,16.46,235050333,0.304692,39,0.36452
2,9,6/3/2011,16.59,16.82,15.98,16.01,256069538,-3.49608,32,0.374766
2,9,6/10/2011,16.04,16.17,15.01,15.12,412198054,-5.73566,25,0.396825
2,9,6/17/2011,15.14,15.28,14.78,14.97,401380782,-1.12285,18,0.400802
2,9,6/24/2011,14.94,15.64,14.92,14.93,429730443,-0.0669344,11,0.401875
2,8,4/1/2011,106.4,109.65,105.52,108.32,35824123,1.80451,47,0.673929
2,8,4/8/2011,108.52,109.94,107.51,109.66,31958307,1.0505,40,0.665694
2,8,4/15/2011,109.74,109.9,103.13,106.24,42617245,-3.18936,33,0.687124
2,8,4/21/2011,104.95,108.34,103.04,108.13,18873837,3.03001,27,0.675113
2,8,4/29/2011,107.37,109.6,106.68,109.44,28004621,1.92791,19,0.667032
2,8,5/6/2011,109.48,109.57,101.11,102.88,44930373,-6.0285,12,0.709565
2,8,5/13/2011,103.25,104.95,100.41,102.39,43103424,-0.83293,5,0.71296
2,8,5/20/2011,102.03,104.53,99.61,102.57,39951901,0.529256,89,0.711709
2,8,5/27/2011,101.13,103.86,100.7,103.21,28858240,2.05676,82,0.707296
2,8,6/3/2011,104.61,105.21,99.57,101,32206213,-3.45091,75,0.722772
2,8,6/10/2011,100.9,101.87,98.98,99.67,35612426,-1.21903,68,0.732417
2,8,6/17/2011,100.04,101.29,97.71,99.17,44845243,-0.869652,61,0.73611
2,8,6/24/2011,98.88,102.46,97,97.9,42615162,-0.9911,54,0.745659
2,11,4/1/2011,54.11,55.8,53.7,55.19,23341552,1.99593,40,0.742888
2,11,4/8/2011,55.5,56.52,55,55.4,19685778,-0.18018,33,0.740072
2,11,4/15/2011,55.45,55.81,53.17,54.89,24059673,-1.00992,26,0.746948
2,11,4/21/2011,54.28,56,53.19,55.91,15537427,3.00295,20,0.733321
2,11,4/29/2011,55.69,56.88,54.54,56.79,27349183,1.97522,12,0.721958
2,11,5/6/2011,56.42,57,53.59,54.63,27498887,-3.17263,5,0.750503
2,11,5/13/2011,54.94,56.13,52.55,52.91,27207924,-3.69494,90,0.774901
2,11,5/20/2011,52.74,54,51.92,52.74,27511651,0,83,0.777399
2,11,5/27/2011,51.75,52.56,50.5,52.56,24845668,1.56522,76,0.780061
2,11,6/3/2011,53.18,53.39,50.11,50.29,25203572,-5.43437,69,0.815271
2,11,6/10/2011,50.3,50.9,49.52,49.78,28186429,-1.0338,62,0.823624
2,11,6/17/2011,50.03,50.63,48.64,49.57,36027620,-0.919448,55,0.827113
2,11,6/24/2011,49.5,51.98,49.46,51.96,34797906,4.9697,48,0.789069
2,30,4/1/2011,43.19,43.48,42.36,42.85,34130223,-0.787219,252,0.933489
2,30,4/8/2011,42.87,43.05,41.4,41.76,39055258,-2.58922,245,0.957854
2,30,4/15/2011,41.76,42.02,40.84,41.52,40820710,-0.574713,238,0.963391
2,30,4/21/2011,40.97,42.46,40.45,42.27,24312043,3.17305,232,0.946298
2,30,4/29/2011,42.34,43.35,41.71,43.1,30122091,1.79499,224,0.928074
2,30,5/6/2011,43.47,43.79,42.3,43.06,35369886,-0.943179,217,0.928936
2,30,5/13/2011,43.32,44.12,40.94,41.52,78855110,-4.15512,210,0.963391
2,30,5/20/2011,41.26,41.84,40.68,41.5,50988843,0.581677,203,0.963855
2,30,5/27/2011,41.15,41.52,40.55,41.52,34651349,0.899149,196,0.963391
2,30,6/3/2011,41.9,41.99,39.17,39.38,52169227,-6.01432,189,1.01574
2,30,6/10/2011,39.18,39.88,38.42,38.5,49099516,-1.73558,182,1.03896
2,30,6/17/2011,38.63,38.86,37.77,38.04,54513950,-1.52731,175,1.05152
2,30,6/24/2011,37.85,38.89,37.19,37.58,50409504,-0.713342,168,1.0644
2,13,4/1/2011,19.81,20.5,19.53,20.34,207897262,2.67542,76,0.688299
2,13,4/8/2011,20.73,20.75,20.07,20.19,238618636,-2.60492,69,0.693413
2,13,4/15/2011,20.24,20.37,19.6,20.04,212315926,-0.988142,62,0.698603
2,13,4/21/2011,19.77,20.54,19.51,19.95,182835072,0.91047,56,0.701754
2,13,4/29/2011,20.14,20.85,19.89,20.45,280299000,1.53923,48,0.684597
2,13,5/6/2011,20.7,20.71,19.81,20.01,235180053,-3.33333,41,0.69965
2,13,5/13/2011,19.97,20.42,19.76,19.89,195448891,-0.400601,34,0.703871
2,13,5/20/2011,19.85,20.05,19.41,19.62,228297982,-1.15869,27,0.713558
2,13,5/27/2011,19.32,19.52,18.97,19.44,169411364,0.621118,20,0.720165
2,13,6/3/2011,19.68,19.72,18.75,18.82,207576381,-4.36992,13,0.74389
2,13,6/10/2011,18.71,18.8,18.14,18.32,260898990,-2.08445,6,0.764192
2,13,6/17/2011,18.31,18.9,18.2,18.49,261979707,0.983069,90,0.811249
2,13,6/24/2011,18.34,18.94,17.97,17.97,295978977,-2.01745,83,0.834725
2,15,4/1/2011,37.46,37.87,36.62,37.56,52881329,0.266951,74,0.665602
2,15,4/8/2011,37.48,37.96,37.21,37.46,47021433,-0.0533618,67,0.667379
2,15,4/15/2011,37.45,38.4,37.17,38.17,42983064,1.92256,60,0.654965
2,15,4/21/2011,37.7,38.5,37.2,37.8,24190528,0.265252,54,0.661376
2,15,4/29/2011,37.61,37.71,36.94,37.15,61019095,-1.22308,46,0.672948
2,15,5/6/2011,37.44,37.67,36.77,36.99,52439439,-1.20192,39,0.675858
2,15,5/13/2011,36.93,37.43,36.7,37.01,41391929,0.216626,32,0.675493
2,15,5/20/2011,36.69,37.94,36.55,37.05,53378802,0.981194,25,0.674764
2,15,5/27/2011,36,37,36,36,40673778,0,18,0.694444
2,15,6/3/2011,36.18,36.28,34.43,34.63,39307513,-4.28413,11,0.721917
2,15,6/10/2011,34.53,35.02,33.42,33.47,45606663,-3.06979,4,0.746938
2,15,6/17/2011,33.46,34.93,33.41,34.53,76297124,3.19785,74,0.724008
2,15,6/24/2011,34.29,35.69,34.28,35.08,65416820,2.30388,67,0.712657
2,14,4/1/2011,42.42,42.83,37.6,40.98,90069975,-3.39463,73,0.317228
2,14,4/8/2011,40.65,41.8,40.2,40.7,87672936,0.123001,66,0.31941
2,14,4/15/2011,40.71,41.55,40.12,40.26,70321527,-1.10538,59,0.322901
2,14,4/21/2011,39.96,41.19,39.16,40.99,46244533,2.57758,53,0.317151
2,14,4/29/2011,41.06,41.3,39.99,40.37,82362537,-1.68047,45,0.322021
2,14,5/6/2011,40.69,41.52,39.8,40.81,70249698,0.294913,38,0.318549
2,14,5/13/2011,40.79,41.74,40.22,40.41,63498759,-0.931601,31,0.321703
2,14,5/20/2011,40.2,40.34,35.91,35.98,217523955,-10.4975,24,0.361312
2,14,5/27/2011,35.58,36.96,35.44,36.96,106507716,3.87858,17,0.351732
2,14,6/3/2011,37.28,37.52,36,36.11,79313559,-3.13841,10,0.360011
2,14,6/10/2011,35.99,36.24,35.14,35.25,74301015,-2.05613,3,0.368794
2,14,6/17/2011,35.13,35.32,33.95,35,134346312,-0.370054,87,0.342857
2,14,6/24/2011,34.79,35.65,34.55,34.9,102774442,0.316183,80,0.34384
2,17,4/1/2011,161.54,164.42,161.12,164.27,19081936,1.68998,35,0.456565
2,17,4/8/2011,164.42,164.75,163.16,164.05,17615408,-0.225033,28,0.457178
2,17,4/15/2011,163.44,166.34,162.3,166.21,22183383,1.69481,21,0.451236
2,17,4/21/2011,164.64,168.28,162.19,168.28,23662621,2.21088,15,0.445686
2,17,4/29/2011,167.65,173,167.23,170.58,26829625,1.74769,7,0.439676
2,17,5/6/2011,172.11,173.54,167.5,168.89,29480567,-1.8709,0,0.444076
2,17,5/13/2011,168.39,172.77,167.82,169.92,23505533,0.908605,87,0.441384
2,17,5/20/2011,169.81,171.41,166.53,170.16,26027660,0.206113,80,0.440762
2,17,5/27/2011,168.5,168.6,165.9,167.5,19453763,-0.593472,73,0.447761
2,17,6/3/2011,168.44,169.89,164.13,165.05,23349972,-2.01259,66,0.454408
2,17,6/10/2011,164.76,165.96,162.87,163.18,20646079,-0.958971,59,0.459615
2,17,6/17/2011,164.44,165.1,161.52,164.44,29390025,0,52,0.456093
2,17,6/24/2011,163.7,166.81,163.59,165.07,22984546,0.836897,45,0.454353
2,16,4/1/2011,20.44,20.66,19.56,19.72,321390635,-3.5225,33,0.912779
2,16,4/8/2011,19.79,20.2,19.36,20.02,286343950,1.1622,26,0.899101
2,16,4/15/2011,20.07,20.2,19.41,19.75,231298341,-1.59442,19,0.911392
2,16,4/21/2011,19.53,21.46,19.45,21.46,302470339,9.88223,13,0.83877
2,16,4/29/2011,21.37,23.19,21.33,23.15,466579710,8.32943,5,0.777538
2,16,5/6/2011,23.02,23.86,22.67,23.25,513891027,0.999131,89,0.903226
2,16,5/13/2011,23.13,23.83,22.65,23.41,344755154,1.21055,82,0.897053
2,16,5/20/2011,23.32,23.96,23.08,23.22,387571150,-0.428816,75,0.904393
2,16,5/27/2011,22.92,23.03,22.21,22.21,210446967,-3.09773,68,0.94552
2,16,6/3/2011,22.45,22.64,21.67,21.73,222978209,-3.20713,61,0.966406
2,16,6/10/2011,21.8,22.44,21.26,21.38,249719951,-1.92661,54,0.982226
2,16,6/17/2011,21.43,26.78,21.07,21.19,294273143,-1.11993,47,0.991033
2,16,6/24/2011,21.19,21.74,21.06,21.2,309031457,0.0471921,40,0.990566
2,18,4/1/2011,58.98,59.73,58.93,59.49,48029143,0.8647,55,0.958144
2,18,4/8/2011,59.5,60.18,59.25,59.46,47141409,-0.0672269,48,0.958628
2,18,4/15/2011,59.54,60.95,59.49,60.56,58631682,1.71313,41,0.941215
2,18,4/21/2011,60.45,64.54,60.1,64.07,72888066,5.98842,35,0.889652
2,18,4/29/2011,63.65,65.98,63.4,65.72,70745990,3.25216,27,0.867316
2,18,5/6/2011,65.92,66.46,64.8,65.27,68840083,-0.986044,20,0.873295
2,18,5/13/2011,65.11,67.37,65.07,66.62,66040498,2.31915,13,0.855599
2,18,5/20/2011,66.41,66.79,65.28,65.69,53385097,-1.08417,6,0.867712
2,18,5/27/2011,65.19,66.77,65.08,66.77,49866786,2.42368,91,0.853677
2,18,6/3/2011,67.31,67.34,65.8,66.09,47426009,-1.81251,84,0.86246
2,18,6/10/2011,65.87,67.28,65.18,66.09,52231924,0.333991,77,0.86246
2,18,6/17/2011,66.32,67.36,65.47,66.29,58201928,-0.0452352,70,0.859858
2,18,6/24/2011,66.08,66.75,64.69,65.06,56535090,-1.54358,63,0.876114
2,19,4/1/2011,46.1,46.88,45.51,46.35,112702290,0.542299,3,0.539374
2,19,4/8/2011,46.12,47.8,46.05,46.84,121937602,1.56114,84,0.533732
2,19,4/15/2011,47,47.37,44.83,44.89,186017520,-4.48936,77,0.556917
2,19,4/21/2011,44.27,44.97,43.53,44.68,113261188,0.926135,71,0.559534
2,19,4/29/2011,44.65,46.02,44.38,45.63,107332185,2.19485,63,0.547885
2,19,5/6/2011,45.94,46.07,44.76,45.04,131213937,-1.95908,56,0.555062
2,19,5/13/2011,44.75,45.5,42.98,43.15,137013704,-3.57542,49,0.579374
2,19,5/20/2011,42.97,44.35,42.65,43.13,145114846,0.372353,42,0.579643
2,19,5/27/2011,42.4,42.92,41.69,42.79,119828886,0.919811,35,0.584249
2,19,6/3/2011,43.24,43.38,40.83,41.57,145187926,-3.86216,28,0.601395
2,19,6/10/2011,41.1,41.5,40.1,41.05,194764785,-0.121655,21,0.609013
2,19,6/17/2011,41.29,42.44,39.7,40.8,183560880,-1.18673,14,0.612745
2,19,6/24/2011,40.5,41.53,39.44,39.49,167589521,-2.49383,7,0.633072
2,20,4/1/2011,31.35,31.7,31.06,31.61,38759730,0.829346,88,0.917431
2,20,4/8/2011,31.71,31.88,31.35,31.67,34314135,-0.126143,81,0.915693
2,20,4/15/2011,31.73,33.54,31.69,33.36,71530535,5.13709,74,0.869305
2,20,4/21/2011,32.72,33.67,32.7,33.38,33399240,2.01711,68,0.868784
2,20,4/29/2011,33.45,33.9,33,33.59,42547809,0.418535,60,0.863352
2,20,5/6/2011,33.6,34.49,33.22,34.08,58969733,1.42857,53,0.850939
2,20,5/13/2011,33.81,35.1,33.8,34.89,47572999,3.19432,46,0.831184
2,20,5/20/2011,34.84,35.44,34.48,35.23,48017488,1.1194,39,0.823162
2,20,5/27/2011,34.97,35.06,34.28,34.75,31660711,-0.629111,32,0.834532
2,20,6/3/2011,34.79,35,34.05,34.1,38915498,-1.98333,25,0.85044
2,20,6/10/2011,34.07,34.39,24.3,33.79,43535139,-0.821837,18,0.858242
2,20,6/17/2011,33.92,34.72,33.76,34.48,44641104,1.65094,11,0.841067
2,20,6/24/2011,34.39,34.98,33.87,34.6,39770714,0.610643,4,0.83815
2,10,4/1/2011,65.2,67.48,65.03,67.22,39265955,3.09816,73,0.699197
2,10,4/8/2011,67.22,67.82,66.86,67.27,32024467,0.0743826,66,0.698677
2,10,4/15/2011,67.25,68.47,66.41,68.01,40595470,1.13011,59,0.691075
2,10,4/21/2011,67.57,68.05,66.64,67.88,19831270,0.458783,53,0.692398
2,10,4/29/2011,67.95,67.98,65.81,67.46,44603365,-0.721118,45,0.696709
2,10,5/6/2011,67.76,67.93,66.4,66.9,33947562,-1.26919,38,0.702541
2,10,5/13/2011,66.86,68.77,66.83,68.18,32166394,1.97427,31,0.689352
2,10,5/20/2011,68.1,68.7,67.5,68.3,32520067,0.293686,24,0.688141
2,10,5/27/2011,67.59,67.9,66.3,66.51,26066805,-1.59787,17,0.706661
2,10,6/3/2011,66.94,67.24,65.21,65.53,31192400,-2.10636,10,0.717229
2,10,6/10/2011,65.51,68.05,65.07,65.39,30422351,-0.183178,3,0.718764
2,10,6/17/2011,65.1,66.23,64.64,65.62,43194922,0.798771,88,0.716245
2,10,6/24/2011,65.37,66.82,64.43,64.93,49806614,-0.673092,81,0.723856
2,21,4/1/2011,75.55,76.5,74.87,75.99,17977737,0.582396,56,0.802737
2,21,4/8/2011,76.31,76.91,75.66,76.04,22337802,-0.35382,49,0.802209
2,21,4/15/2011,76.15,77.54,75.83,77.38,21670715,1.61523,42,0.788317
2,21,4/21/2011,76.89,78.41,76.4,76.91,17718174,0.0260112,36,0.793135
2,21,4/29/2011,77.15,78.59,76.54,78.31,22923015,1.50356,28,0.778955
2,21,5/6/2011,78.4,79.37,78.2,78.7,26460318,0.382653,21,0.775095
2,21,5/13/2011,79.46,80.91,79.08,80.74,26573357,1.61087,14,0.755512
2,21,5/20/2011,80.44,82.85,80.44,82.33,27816875,2.34958,7,0.740921
2,21,5/27/2011,81.53,83.08,81.49,81.62,26628471,0.110389,0,0.747366
2,21,6/3/2011,82.13,82.25,80.01,80.54,23382621,-1.93596,88,0.757388
2,21,6/10/2011,80.6,82.23,80,80.36,31264251,-0.297767,81,0.759084
2,21,6/17/2011,80.43,82.72,80.39,82.52,27515629,2.59853,74,0.739215
2,21,6/24/2011,82.32,83.09,81.4,81.84,28303321,-0.58309,67,0.745357
2,1,4/1/2011,92.42,94.33,91.9,93.13,14958061,0.768232,47,0.590572
2,1,4/8/2011,92.68,94.1,92.6,93.22,12672220,0.58265,40,0.590002
2,1,4/15/2011,93.59,94.64,91.75,92.82,15375510,-0.822737,33,0.592545
2,1,4/21/2011,91.94,94.42,90.58,93.92,9718851,2.15358,27,0.585605
2,1,4/29/2011,93.91,97.5,93.27,97.21,20655611,3.514,19,0.565785
2,1,5/6/2011,97.58,97.95,94.4,95.6,17031494,-2.0291,12,0.575314
2,1,5/13/2011,95.3,97.18,94.44,96.01,15657591,0.745016,5,0.572857
2,1,5/20/2011,95.54,96.23,92.75,93.56,16596686,-2.07243,89,0.587858
2,1,5/27/2011,92.29,93.47,91.38,93.47,11695384,1.27858,82,0.588424
2,1,6/3/2011,94.05,94.68,90.19,90.7,12491882,-3.56194,75,0.606395
2,1,6/10/2011,90.38,92.43,90.24,90.73,14734714,0.387254,68,0.606194
2,1,6/17/2011,91.14,92.99,90.58,91.78,15549946,0.702216,61,0.599259
2,1,6/24/2011,91.42,93.92,90.68,90.89,15126028,-0.579742,54,0.605127
2,22,4/1/2011,32.54,33.48,32.39,33.07,60348951,1.62876,73,1.14908
2,22,4/8/2011,33.34,33.7,33.01,33.67,64799122,0.989802,66,1.1286
2,22,4/15/2011,33.68,34.97,33.27,34.51,85533686,2.46437,59,1.10113
2,22,4/21/2011,34.2,34.29,33.51,34.04,47226349,-0.467836,53,1.11633
2,22,4/29/2011,33.7,36.25,33.63,35.95,83960030,6.67656,45,1.05702
2,22,5/6/2011,36.44,36.75,35.95,36.39,82810421,-0.137212,38,1.04424
2,22,5/13/2011,36.11,37.3,36.1,37.08,59693542,2.68624,31,1.02481
2,22,5/20/2011,37.06,37.65,36.69,37.06,74833386,0,24,1.02536
2,22,5/27/2011,36.67,37.04,36.1,36.21,52416661,-1.25443,17,1.04943
2,22,6/3/2011,36.39,36.76,35.76,35.82,46564832,-1.56636,10,1.06086
2,22,6/10/2011,35.7,36.38,35.36,35.45,57259558,-0.70028,3,1.07193
2,22,6/17/2011,35.03,35.88,34.99,35.39,57933495,1.02769,88,1.07375
2,22,6/24/2011,35.29,35.97,34.5,34.55,63163236,-2.09691,81,1.09986
2,23,4/1/2011,25.66,25.72,25.3,25.48,258143967,-0.701481,46,0.627944
2,23,4/8/2011,25.45,26.31,25.41,26.07,260749872,2.43615,39,0.613732
2,23,4/15/2011,26.19,26.25,25.09,25.37,229693684,-3.13097,32,0.630666
2,23,4/21/2011,25.1,26,24.72,25.52,158547201,1.67331,26,0.626959
2,23,4/29/2011,25.56,26.87,25.34,25.92,554889924,1.40845,18,0.617284
2,23,5/6/2011,25.94,26.25,25.48,25.87,346656165,-0.269854,11,0.618477
2,23,5/13/2011,25.8,25.96,24.95,25.03,382293426,-2.9845,4,0.639233
2,23,5/20/2011,24.96,25.07,24.25,24.49,311462943,-1.88301,88,0.653328
2,23,5/27/2011,24.21,25.03,24.03,24.76,213316051,2.27179,81,0.646204
2,23,6/3/2011,24.96,25.1,23.84,23.9,246418070,-4.24679,74,0.669456
2,23,6/10/2011,23.9,24.25,23.69,23.7,230307366,-0.83682,67,0.675106
2,23,6/17/2011,23.79,29.05,23.65,24.26,280430166,1.97562,60,0.659522
2,23,6/24/2011,24.17,24.86,24.16,24.3,309206180,0.537857,53,0.658436
2,24,4/1/2011,20.42,20.57,20.11,20.38,170424399,-0.195886,40,0.981354
2,24,4/8/2011,20.55,20.61,20.15,20.46,199157969,-0.437956,33,0.977517
2,24,4/15/2011,20.55,20.75,20.33,20.53,209481824,-0.0973236,26,0.974184
2,24,4/21/2011,20.32,20.88,19.79,19.79,143338656,-2.60827,20,1.01061
2,24,4/29/2011,19.95,21.06,19.9,20.97,205782608,5.11278,12,0.953743
2,24,5/6/2011,21.14,21.2,20.07,20.55,273973053,-2.79092,5,0.973236
2,24,5/13/2011,20.53,20.99,20.45,20.92,180162306,1.89966,82,0.956023
2,24,5/20/2011,20.84,21.28,20.68,20.69,249113161,-0.71977,75,0.966651
2,24,5/27/2011,20.49,20.98,20.35,20.93,162550095,2.14739,68,0.955566
2,24,6/3/2011,21,21.45,20.66,20.84,169014117,-0.761905,61,0.959693
2,24,6/10/2011,20.82,20.97,20.04,20.11,196181321,-3.41018,54,0.99453
2,24,6/17/2011,20.08,20.73,20.03,20.26,229372501,0.896414,47,0.987167
2,24,6/24/2011,20.09,20.96,20.08,20.08,259247639,-0.049776,40,0.996016
2,25,4/1/2011,61.08,62.3,60.61,62.08,43453701,1.6372,26,0.853737
2,25,4/8/2011,62.17,62.33,61.47,61.9,38792072,-0.434293,19,0.85622
2,25,4/15/2011,62.02,64.21,61.9,64.18,51918017,3.48275,12,0.825802
2,25,4/21/2011,63.67,64.34,63.27,63.27,29487333,-0.628239,6,0.83768
2,25,4/29/2011,63.08,65.1,62.6,64.9,53544624,2.88523,82,0.816641
2,25,5/6/2011,65.24,66.5,64.9,65.27,55046479,0.0459841,75,0.812012
2,25,5/13/2011,64.93,67.31,64.86,66.86,49677302,2.97243,68,0.792701
2,25,5/20/2011,66.66,67.72,66.51,67.36,47738539,1.0501,61,0.786817
2,25,5/27/2011,66.8,67.2,65.7,66.2,37114265,-0.898204,54,0.800604
2,25,6/3/2011,66.33,67,56.57,65.43,37312488,-1.35685,47,0.810026
2,25,6/10/2011,65.36,65.64,64.65,64.7,48599369,-1.00979,40,0.819165
2,25,6/17/2011,64.65,65.22,63.33,64.69,46861128,0.0618716,33,0.819292
2,25,6/24/2011,64.51,65.29,62.44,62.59,53025186,-2.97628,26,0.846781
2,4,4/1/2011,29.02,30.97,28.9,30.62,384284485,5.51344,5,1.40431
2,4,4/8/2011,30.74,31,29.99,30.71,148206324,-0.0975927,89,1.4002
2,4,4/15/2011,30.75,30.84,30.01,30.65,108080405,-0.325203,82,1.40294
2,4,4/21/2011,30.42,30.68,29.91,30.68,76563904,0.854701,76,1.40156
2,4,4/29/2011,30.67,31.82,30.43,31.12,112339712,1.46723,68,1.38175
2,4,5/6/2011,31.6,31.94,31.03,31.26,156030184,-1.07595,61,1.37556
2,4,5/13/2011,31.2,31.79,31.05,31.41,92523592,0.673077,54,1.36899
2,4,5/20/2011,31.32,31.77,30.9,31.32,102539987,0,47,1.37292
2,4,5/27/2011,31,31.3,30.92,31.29,73854767,0.935484,40,1.37424
2,4,6/3/2011,31.48,31.65,30.52,30.65,85085937,-2.63659,33,1.40294
2,4,6/10/2011,30.55,30.61,30.11,30.34,95255686,-0.687398,26,1.41727
2,4,6/17/2011,30.28,30.95,30.17,30.77,114504788,1.61823,19,1.39747
2,4,6/24/2011,30.66,31.33,30.29,30.44,116043866,-0.717547,12,1.41261
2,26,4/1/2011,59.09,60.01,58.37,59.71,16608737,1.04925,68,0.686652
2,26,4/8/2011,59.83,60,59.11,59.58,12307164,-0.417851,61,0.68815
2,26,4/15/2011,59.85,60.85,59,59.8,15459751,-0.0835422,54,0.685619
2,26,4/21/2011,59.32,61.32,58.07,61.32,10135730,3.37154,48,0.668624
2,26,4/29/2011,61.32,63.37,60.91,63.28,16046782,3.19635,40,0.647914
2,26,5/6/2011,63.56,64.17,62.85,63.43,14335889,-0.204531,33,0.646382
2,26,5/13/2011,63.23,64.09,62.18,62.33,14388418,-1.42338,26,0.657789
2,26,5/20/2011,62.52,63.11,62.13,62.25,11795580,-0.431862,19,0.658635
2,26,5/27/2011,61.74,62,60.36,61.52,12344531,-0.356333,12,0.66645
2,26,6/3/2011,61.95,62.25,60.59,61.18,13535632,-1.24294,5,0.670154
2,26,6/10/2011,61.35,61.68,58.71,59.21,18091902,-3.48818,89,0.692451
2,26,6/17/2011,59.12,59.32,57.36,57.92,20647583,-2.02977,82,0.707873
2,26,6/24/2011,57.57,58.28,56.12,56.68,20959450,-1.54594,75,0.723359
2,27,4/1/2011,83.75,85.95,83.26,85.32,16314122,1.87463,47,0.562588
2,27,4/8/2011,85.66,86,84.18,84.81,11690792,-0.992295,40,0.565971
2,27,4/15/2011,85,85.56,82.7,83.45,17017620,-1.82353,33,0.575195
2,27,4/21/2011,82.6,87.1,81.1,87.1,16859647,5.44794,27,0.551091
2,27,4/29/2011,87,89.8,86.29,89.58,20800024,2.96552,19,0.535834
2,27,5/6/2011,90.03,90.67,85.8,89.21,21797524,-0.910807,12,0.538056
2,27,5/13/2011,88.88,90.18,88.35,88.98,17420630,0.112511,5,0.539447
2,27,5/20/2011,88.46,89.25,86.65,87.5,22021867,-1.08524,89,0.548571
2,27,5/27/2011,86.41,86.72,85.21,86.33,15097865,-0.0925819,82,0.556006
2,27,6/3/2011,87,87.79,82.43,83.24,21179642,-4.32184,75,0.576646
2,27,6/10/2011,82.93,84.52,82.6,82.7,20109892,-0.277342,68,0.580411
2,27,6/17/2011,82.92,85.26,82.52,84.57,22074891,1.98987,61,0.567577
2,27,6/24/2011,84.36,86.21,83.69,84.33,20775217,-0.0355619,54,0.569192
2,28,4/1/2011,37.44,38.95,37.42,38.47,96766651,2.75107,5,1.27372
2,28,4/8/2011,38.53,38.7,37.26,37.72,62429599,-2.10226,89,1.29905
2,28,4/15/2011,37.75,38,37.34,37.85,55355691,0.264901,82,1.29458
2,28,4/21/2011,37.6,38,36.91,36.91,37735134,-1.83511,76,1.32755
2,28,4/29/2011,37.07,38.42,36.82,37.78,68330713,1.9153,68,1.29698
2,28,5/6/2011,38.33,38.33,36.9,37.28,84281362,-2.73937,61,1.31438
2,28,5/13/2011,37.28,37.68,36.95,37.26,50917728,-0.0536481,54,1.31508
2,28,5/20/2011,37.26,37.41,36.8,37.15,53263954,-0.295223,47,1.31898
2,28,5/27/2011,36.75,37.03,36.24,36.67,43400125,-0.217687,40,1.33624
2,28,6/3/2011,36.91,36.99,35.6,35.63,50174214,-3.46789,33,1.37525
2,28,6/10/2011,35.57,36.14,35.16,35.19,72100710,-1.06832,26,1.39244
2,28,6/17/2011,35.23,35.92,34.94,35.51,69585912,0.794777,19,1.37989
2,28,6/24/2011,35.35,36.17,35.2,36,82375230,1.83876,12,1.36111
2,29,4/1/2011,52.31,52.74,51.89,52.13,44519431,-0.344102,40,0.709764
2,29,4/8/2011,52.31,53.24,52.06,52.54,48382262,0.439686,33,0.704225
2,29,4/15/2011,52.54,53.96,52.4,53.55,45662991,1.92234,26,0.690943
2,29,4/21/2011,53.08,53.95,52.91,53.58,23073491,0.941974,20,0.690556
2,29,4/29/2011,53.6,55.16,53.23,54.98,47159044,2.57463,12,0.672972
2,29,5/6/2011,55.08,55.79,53.2,55.02,46668727,-0.108932,5,0.672483
2,29,5/13/2011,54.97,56.03,54.7,55.72,42649301,1.36438,89,0.664034
2,29,5/20/2011,55.61,56.47,54.95,55.29,56695842,-0.575436,82,0.669199
2,29,5/27/2011,54.9,55.5,54.1,54.7,35560853,-0.364299,75,0.676417
2,29,6/3/2011,54.88,55.22,53.04,53.66,48156051,-2.22303,68,0.689527
2,29,6/10/2011,53.86,54.3,52.69,52.72,58746396,-2.1166,61,0.701821
2,29,6/17/2011,52.91,53.29,51.79,52.82,68996550,-0.1701,54,0.700492
2,29,6/24/2011,52.7,53.7,52.35,52.41,75602550,-0.550285,47,0.705972
2,12,4/1/2011,83.86,84.94,82.61,84.68,77569311,0.97782,40,0.555031
2,12,4/8/2011,84.26,86.22,84.07,85.95,75566590,2.0057,33,0.54683
2,12,4/15/2011,85.95,86.15,82.38,84.29,81056144,-1.93136,26,0.557599
2,12,4/21/2011,83.11,86.36,82.44,86.36,43378708,3.91048,20,0.544233
2,12,4/29/2011,86.29,88,85.89,87.98,81596868,1.95851,12,0.534212
2,12,5/6/2011,88.1,88.13,81.59,82.69,113805856,-6.14075,5,0.568388
2,12,5/13/2011,83.01,83.76,79.42,80.87,99678100,-2.578,89,0.58118
2,12,5/20/2011,80.22,82.58,79.6,81.57,86758820,1.68287,82,0.576192
2,12,5/27/2011,80.22,82.63,80.07,82.63,68230855,3.00424,75,0.568801
2,12,6/3/2011,83.28,83.75,80.18,81.18,78616295,-2.52161,68,0.57896
2,12,6/10/2011,80.93,81.87,79.72,79.78,92380844,-1.42098,61,0.58912
2,12,6/17/2011,80,80.82,78.33,79.02,100521400,-1.225,54,0.594786
2,12,6/24/2011,78.65,81.12,76.78,76.78,118679791,-2.37762,47,0.612139
